"destinationSlug","routeId","name","grade","type","length","sector","sourceLabel","sourceUrl","externalTitle","externalUrl","externalType","externalLinkStatus","trustLevel","notes"
"yosemite-usa","freerider-el-capitan","Freerider","5.13a","trad","big wall","El Capitan","Mountain Project: Freerider","https://www.mountainproject.com/route/106261545/freerider","Mountain Project: Freerider","https://www.mountainproject.com/route/106261545/freerider","route-database","route-specific","medium","Metadata and outbound reference only; do not copy route description beta approach protection ratings comments or photos."
"yosemite-usa","separate-reality-direct-yosemite","Separate Reality Direct","5.12a","trad","single pitch","Yosemite Valley","Mountain Project Yosemite routes","https://www.mountainproject.com/area/105833388/yosemite-national-park","Mountain Project Yosemite","https://www.mountainproject.com/area/105833388/yosemite-national-park","route-database","area-only","medium","Metadata and outbound reference only; verify exact route page manually before publishing richer content."
"red-river-gorge-usa","stunning-the-hog-red-river-gorge","Stunning the Hog","5.12d","sport","single pitch","Muir Valley","Mountain Project: Stunning the Hog","https://www.mountainproject.com/route/106146849/stunning-the-hog","Mountain Project: Stunning the Hog","https://www.mountainproject.com/route/106146849/stunning-the-hog","route-database","route-specific","medium","Metadata and outbound reference only; no route text ratings comments beta or photos are copied."
"red-river-gorge-usa","table-of-colors-red-river-gorge","Table of Colors","5.13a","sport","single pitch","Red River Gorge","Mountain Project: Table of Colors","https://www.mountainproject.com/route/106304964/table-of-colors","Mountain Project: Table of Colors","https://www.mountainproject.com/route/106304964/table-of-colors","route-database","route-specific","medium","Metadata and outbound reference only; verify exact route page manually before richer content."
"squamish-canada","crack-of-dawn-squamish","Crack of Dawn","5.10c","trad","single pitch","Smoke Bluffs","theCrag Squamish routes","https://www.thecrag.com/en/climbing/canada/squamish","TheCrag Squamish","https://www.thecrag.com/en/climbing/canada/squamish","route-database","area-only","medium","Metadata and outbound reference only; do not copy descriptions beta comments ratings or photos."
"squamish-canada","crime-of-the-century-squamish","Crime of the Century","5.11c","trad","single pitch","Smoke Bluffs","Mountain Project: Crime of the Century","https://www.mountainproject.com/route/105842838/crime-of-the-century","Mountain Project: Crime of the Century","https://www.mountainproject.com/route/105842838/crime-of-the-century","route-database","route-specific","medium","Metadata and outbound reference only; verify exact route page manually before richer content."
"fontainebleau-france","le-toit-du-cul-de-chien-fontainebleau","Le Toit du Cul de Chien","7A","boulder","boulder problem","Cul de Chien","TheCrag Fontainebleau routes","https://www.thecrag.com/en/climbing/france/fontainebleau","TheCrag Fontainebleau","https://www.thecrag.com/en/climbing/france/fontainebleau","route-database","area-only","medium","Metadata and outbound reference only; no copied topo beta comments ratings or photos."
"fontainebleau-france","l-elephant-fontainebleau","L'Elephant","5C","boulder","boulder problem","L'Elephant","TheCrag Fontainebleau routes","https://www.thecrag.com/en/climbing/france/fontainebleau","TheCrag Fontainebleau","https://www.thecrag.com/en/climbing/france/fontainebleau","route-database","area-only","medium","Metadata and outbound reference only; verify exact route page manually before richer content."
"kalymnos-greece","ghost-kitchen-kalymnos","Ghost Kitchen","7c","sport","single pitch","Spartacus","TheCrag Kalymnos routes","https://www.thecrag.com/en/climbing/greece/kalymnos","TheCrag Kalymnos","https://www.thecrag.com/en/climbing/greece/kalymnos","route-database","area-only","medium","Metadata and outbound reference only; do not copy descriptions beta comments ratings or photos."
"kalymnos-greece","daniboy-kalymnos","Daniboy","7a+","sport","single pitch","Grande Grotta","Mountain Project: Daniboy","https://www.mountainproject.com/route/107801184/daniboy","Mountain Project: Daniboy","https://www.mountainproject.com/route/107801184/daniboy","route-database","route-specific","medium","Metadata and outbound reference only; verify exact route page manually before richer content."
"yosemite-usa","cosmic-debris-yosemite","Cosmic Debris","5.13b","trad","single pitch","Yosemite Valley","Mountain Project: Cosmic Debris","https://www.mountainproject.com/route/106416910/cosmic-debris","Mountain Project: Cosmic Debris","https://www.mountainproject.com/route/106416910/cosmic-debris","route-database","route-specific","medium","Metadata-only route index; verify exact route page manually before richer content."
"yosemite-usa","book-of-hate-yosemite","Book of Hate","5.13d","trad","single pitch","Yosemite Valley","Mountain Project: Book of Hate","https://www.mountainproject.com/route/114315261/book-of-hate","Mountain Project: Book of Hate","https://www.mountainproject.com/route/114315261/book-of-hate","route-database","route-specific","medium","Metadata-only route index; verify exact route page manually before richer content."
"yosemite-usa","romantic-warrior-yosemite","Romantic Warrior","5.12b","trad","multi-pitch","The Needles","Mountain Project Yosemite routes","https://www.mountainproject.com/area/105833388/yosemite-national-park","Mountain Project Yosemite","https://www.mountainproject.com/area/105833388/yosemite-national-park","route-database","area-only","medium","Metadata-only route index; verify exact route page manually before richer content."
"yosemite-usa","beckey-chouinard-yosemite","Beckey-Chouinard","5.10c","trad","multi-pitch","High Sierra","Mountain Project Yosemite routes","https://www.mountainproject.com/area/105833388/yosemite-national-park","Mountain Project Yosemite","https://www.mountainproject.com/area/105833388/yosemite-national-park","route-database","area-only","medium","Metadata-only route index; verify exact route page manually before richer content."
"yosemite-usa","incredible-hulk-positive-vibrations-yosemite","Positive Vibrations","5.11a","trad","multi-pitch","High Sierra","Mountain Project Yosemite routes","https://www.mountainproject.com/area/105833388/yosemite-national-park","Mountain Project Yosemite","https://www.mountainproject.com/area/105833388/yosemite-national-park","route-database","area-only","medium","Metadata-only route index; verify exact route page manually before richer content."
"yosemite-usa","red-dihedral-yosemite","Red Dihedral","5.10b","trad","multi-pitch","High Sierra","Mountain Project Yosemite routes","https://www.mountainproject.com/area/105833388/yosemite-national-park","Mountain Project Yosemite","https://www.mountainproject.com/area/105833388/yosemite-national-park","route-database","area-only","medium","Metadata-only route index; verify exact route page manually before richer content."
"yosemite-usa","piece-de-resistance-yosemite","Piece de Resistance","5.13c","trad","single pitch","Yosemite Valley","Mountain Project Yosemite routes","https://www.mountainproject.com/area/105833388/yosemite-national-park","Mountain Project Yosemite","https://www.mountainproject.com/area/105833388/yosemite-national-park","route-database","area-only","medium","Metadata-only route index; verify exact route page manually before richer content."
"yosemite-usa","drive-by-shooting-yosemite","Drive By Shooting","5.12a","trad","single pitch","Yosemite Valley","Mountain Project: Drive By Shooting","https://www.mountainproject.com/route/106690707/drive-by-shooting","Mountain Project: Drive By Shooting","https://www.mountainproject.com/route/106690707/drive-by-shooting","route-database","route-specific","medium","Metadata-only route index; verify exact route page manually before richer content."
"yosemite-usa","outer-limits-yosemite","Outer Limits","5.10c","trad","single pitch","Yosemite Valley","Mountain Project: Outer Limits","https://www.mountainproject.com/route/105874465/outer-limits","Mountain Project: Outer Limits","https://www.mountainproject.com/route/105874465/outer-limits","route-database","route-specific","medium","Metadata-only route index; verify exact route page manually before richer content."
"yosemite-usa","catchy-yosemite","Catchy","5.10d","trad","single pitch","Yosemite Valley","Mountain Project: Catchy","https://www.mountainproject.com/route/105939236/catchy","Mountain Project: Catchy","https://www.mountainproject.com/route/105939236/catchy","route-database","route-specific","medium","Metadata-only route index; verify exact route page manually before richer content."
"yosemite-usa","reed-pinnacle-direct-yosemite","Reed's Pinnacle Direct","5.10a","trad","multi-pitch","Yosemite Valley","Mountain Project: Reed's Pinnacle Direct Route","https://www.mountainproject.com/route/105865301/reeds-pinnacle-direct-route","Mountain Project: Reed's Pinnacle Direct Route","https://www.mountainproject.com/route/105865301/reeds-pinnacle-direct-route","route-database","route-specific","medium","Metadata-only route index; verify exact route page manually before richer content."
"yosemite-usa","central-pillar-frenzy-yosemite","Central Pillar of Frenzy","5.9","trad","multi-pitch","Middle Cathedral","Mountain Project: Central Pillar of Frenzy","https://www.mountainproject.com/route/105862930/central-pillar-of-frenzy","Mountain Project: Central Pillar of Frenzy","https://www.mountainproject.com/route/105862930/central-pillar-of-frenzy","route-database","route-specific","medium","Metadata-only route index; verify exact route page manually before richer content."
"yosemite-usa","higher-cathedral-spire-regular-route-yosemite","Higher Cathedral Spire Regular Route","5.9","trad","multi-pitch","Yosemite Valley","Mountain Project: Regular Route (Higher Cathedral Spire)","https://www.mountainproject.com/route/105956387/regular-route-higher-cathedral-spire","Mountain Project: Regular Route (Higher Cathedral Spire)","https://www.mountainproject.com/route/105956387/regular-route-higher-cathedral-spire","route-database","route-specific","medium","Metadata-only route index; verify exact route page manually before richer content."
"yosemite-usa","lost-arrow-spire-tip-yosemite","Lost Arrow Spire Tip","5.12b","trad","multi-pitch","Yosemite Valley","Mountain Project: Lost Arrow Tip","https://www.mountainproject.com/route/105912192/lost-arrow-tip","Mountain Project: Lost Arrow Tip","https://www.mountainproject.com/route/105912192/lost-arrow-tip","route-database","route-specific","medium","Metadata-only route index; verify exact route page manually before richer content."
"yosemite-usa","west-face-leaning-tower-yosemite","West Face of Leaning Tower","5.13b","trad","big wall","Leaning Tower","Mountain Project Yosemite routes","https://www.mountainproject.com/area/105833388/yosemite-national-park","Mountain Project Yosemite","https://www.mountainproject.com/area/105833388/yosemite-national-park","route-database","area-only","medium","Metadata-only route index; verify exact route page manually before richer content."
"yosemite-usa","muir-wall-yosemite","Muir Wall","5.13c","trad","big wall","El Capitan","Mountain Project: Muir Wall","https://www.mountainproject.com/route/105924815/muir-wall","Mountain Project: Muir Wall","https://www.mountainproject.com/route/105924815/muir-wall","route-database","route-specific","medium","Metadata-only route index; verify exact route page manually before richer content."
"yosemite-usa","freestone-yosemite","Freestone","5.13a","trad","multi-pitch","Yosemite Valley","Mountain Project Yosemite routes","https://www.mountainproject.com/area/105833388/yosemite-national-park","Mountain Project Yosemite","https://www.mountainproject.com/area/105833388/yosemite-national-park","route-database","area-only","medium","Metadata-only route index; verify exact route page manually before richer content."
"yosemite-usa","crimson-cringe-yosemite","Crimson Cringe","5.12a","trad","single pitch","Yosemite Valley","Mountain Project: Crimson Cringe","https://www.mountainproject.com/route/106351823/crimson-cringe","Mountain Project: Crimson Cringe","https://www.mountainproject.com/route/106351823/crimson-cringe","route-database","route-specific","medium","Metadata-only route index; verify exact route page manually before richer content."
"yosemite-usa","donini-route-yosemite","Donini Route","5.11c","trad","multi-pitch","Yosemite Valley","Mountain Project Yosemite routes","https://www.mountainproject.com/area/105833388/yosemite-national-park","Mountain Project Yosemite","https://www.mountainproject.com/area/105833388/yosemite-national-park","route-database","area-only","medium","Metadata-only route index; verify exact route page manually before richer content."
"yosemite-usa","psycho-killer-yosemite","Psycho Killer","5.12c","trad","single pitch","Yosemite Valley","Mountain Project Yosemite routes","https://www.mountainproject.com/area/105833388/yosemite-national-park","Mountain Project Yosemite","https://www.mountainproject.com/area/105833388/yosemite-national-park","route-database","area-only","medium","Metadata-only route index; verify exact route page manually before richer content."
"red-river-gorge-usa","mercy-the-huff-red-river-gorge","The Mercy the Huff","5.12b","sport","single pitch","Red River Gorge","Mountain Project: Mercy, the Huff","https://www.mountainproject.com/route/106045269/mercy-the-huff","Mountain Project: Mercy, the Huff","https://www.mountainproject.com/route/106045269/mercy-the-huff","route-database","route-specific","medium","Metadata-only route index; verify exact route page manually before richer content."
"red-river-gorge-usa","motherlode-red-river-gorge","The Motherlode","5.12-5.14","sport","wall sector","Red River Gorge","Mountain Project Red River Gorge routes","https://www.mountainproject.com/area/105841134/red-river-gorge","Mountain Project Red River Gorge","https://www.mountainproject.com/area/105841134/red-river-gorge","route-database","area-only","medium","Metadata-only sector index; verify exact route pages manually before richer content."
"red-river-gorge-usa","undertow-red-river-gorge","Undertow","5.12a","sport","single pitch","Red River Gorge","Mountain Project Red River Gorge routes","https://www.mountainproject.com/area/105841134/red-river-gorge","Mountain Project Red River Gorge","https://www.mountainproject.com/area/105841134/red-river-gorge","route-database","area-only","medium","Metadata-only route index; verify exact route page manually before richer content."
"red-river-gorge-usa","ale-8-one-red-river-gorge","Ale-8-One","5.12b","sport","single pitch","Red River Gorge","Mountain Project: Ale-8-One","https://www.mountainproject.com/route/106445478/ale-8-one","Mountain Project: Ale-8-One","https://www.mountainproject.com/route/106445478/ale-8-one","route-database","route-specific","medium","Metadata-only route index; verify exact route page manually before richer content."
"red-river-gorge-usa","nagypapa-red-river-gorge","Nagypapa","5.12d","sport","single pitch","Red River Gorge","Mountain Project: Nagypapa","https://www.mountainproject.com/route/106053937/nagypapa","Mountain Project: Nagypapa","https://www.mountainproject.com/route/106053937/nagypapa","route-database","route-specific","medium","Metadata-only route index; verify exact route page manually before richer content."
"red-river-gorge-usa","ro-shampo-red-river-gorge","Ro Shampo","5.12a","sport","single pitch","Red River Gorge","Mountain Project: Ro Shampo","https://www.mountainproject.com/route/105860759/ro-shampo","Mountain Project: Ro Shampo","https://www.mountainproject.com/route/105860759/ro-shampo","route-database","route-specific","medium","Metadata-only route index; verify exact route page manually before richer content."
"red-river-gorge-usa","chocolate-factory-red-river-gorge","The Chocolate Factory","5.10-5.14","sport","wall sector","Red River Gorge","Mountain Project Red River Gorge routes","https://www.mountainproject.com/area/105841134/red-river-gorge","Mountain Project Red River Gorge","https://www.mountainproject.com/area/105841134/red-river-gorge","route-database","area-only","medium","Metadata-only sector index; verify exact route pages manually before richer content."
"red-river-gorge-usa","oompa-red-river-gorge","Oompa","5.10a","sport","single pitch","Chocolate Factory","Mountain Project: Oompa","https://www.mountainproject.com/route/106782060/oompa","Mountain Project: Oompa","https://www.mountainproject.com/route/106782060/oompa","route-database","route-specific","medium","Metadata-only route index; verify exact route page manually before richer content."
"red-river-gorge-usa","snozzberries-red-river-gorge","Snozzberries","5.12a","sport","single pitch","Chocolate Factory","Mountain Project: Snozzberries","https://www.mountainproject.com/route/108411358/snozzberries","Mountain Project: Snozzberries","https://www.mountainproject.com/route/108411358/snozzberries","route-database","route-specific","medium","Metadata-only route index; verify exact route page manually before richer content."
"red-river-gorge-usa","everlasting-gobstopper-red-river-gorge","Everlasting Gobstopper","5.13b","sport","single pitch","Chocolate Factory","Mountain Project Red River Gorge routes","https://www.mountainproject.com/area/105841134/red-river-gorge","Mountain Project Red River Gorge","https://www.mountainproject.com/area/105841134/red-river-gorge","route-database","area-only","medium","Metadata-only route index; verify exact route page manually before richer content."
"red-river-gorge-usa","drive-by-crag-red-river-gorge","Drive-By Crag","5.10-5.13","sport","wall sector","Red River Gorge","Mountain Project Red River Gorge routes","https://www.mountainproject.com/area/105841134/red-river-gorge","Mountain Project Red River Gorge","https://www.mountainproject.com/area/105841134/red-river-gorge","route-database","area-only","medium","Metadata-only sector index; verify exact route pages manually before richer content."
"red-river-gorge-usa","breakfast-burrito-red-river-gorge","Breakfast Burrito","5.10c","sport","single pitch","Muir Valley","Mountain Project: Breakfast Burrito","https://www.mountainproject.com/route/106081922/breakfast-burrito","Mountain Project: Breakfast Burrito","https://www.mountainproject.com/route/106081922/breakfast-burrito","route-database","route-specific","medium","Metadata-only route index; verify exact route page manually before richer content."
"red-river-gorge-usa","boltergeist-red-river-gorge","Boltergeist","5.11b","sport","single pitch","Muir Valley","Mountain Project: Boltergeist","https://www.mountainproject.com/route/106580228/boltergeist","Mountain Project: Boltergeist","https://www.mountainproject.com/route/106580228/boltergeist","route-database","route-specific","medium","Metadata-only route index; verify exact route page manually before richer content."
"red-river-gorge-usa","air-ride-equipped-red-river-gorge","Air Ride Equipped","5.11a","sport","single pitch","Muir Valley","Mountain Project: Air Ride Equipped","https://www.mountainproject.com/route/106586504/air-ride-equipped","Mountain Project: Air Ride Equipped","https://www.mountainproject.com/route/106586504/air-ride-equipped","route-database","route-specific","medium","Metadata-only route index; verify exact route page manually before richer content."
"red-river-gorge-usa","tissue-tiger-red-river-gorge","Tissue Tiger","5.12b","sport","single pitch","Red River Gorge","Mountain Project: Tissue Tiger","https://www.mountainproject.com/route/105870261/tissue-tiger","Mountain Project: Tissue Tiger","https://www.mountainproject.com/route/105870261/tissue-tiger","route-database","route-specific","medium","Metadata-only route index; verify exact route page manually before richer content."
"red-river-gorge-usa","chainsaw-massacre-red-river-gorge","Chainsaw Massacre","5.12a","sport","single pitch","Red River Gorge","Mountain Project: Chainsaw Massacre","https://www.mountainproject.com/route/106153682/chainsaw-massacre","Mountain Project: Chainsaw Massacre","https://www.mountainproject.com/route/106153682/chainsaw-massacre","route-database","route-specific","medium","Metadata-only route index; verify exact route page manually before richer content."
"red-river-gorge-usa","mercy-street-red-river-gorge","Mercy Street","5.12a","sport","single pitch","Red River Gorge","Mountain Project Red River Gorge routes","https://www.mountainproject.com/area/105841134/red-river-gorge","Mountain Project Red River Gorge","https://www.mountainproject.com/area/105841134/red-river-gorge","route-database","area-only","medium","Metadata-only route index; verify exact route page manually before richer content."
"red-river-gorge-usa","paradise-lost-red-river-gorge","Paradise Lost","5.13a","sport","single pitch","Red River Gorge","Mountain Project: Paradise Lost","https://www.mountainproject.com/route/106575827/paradise-lost","Mountain Project: Paradise Lost","https://www.mountainproject.com/route/106575827/paradise-lost","route-database","route-specific","medium","Metadata-only route index; verify exact route page manually before richer content."
"red-river-gorge-usa","bronaugh-wall-red-river-gorge","Bronaugh Wall","5.10-5.13","sport","wall sector","Red River Gorge","Mountain Project Red River Gorge routes","https://www.mountainproject.com/area/105841134/red-river-gorge","Mountain Project Red River Gorge","https://www.mountainproject.com/area/105841134/red-river-gorge","route-database","area-only","medium","Metadata-only sector index; verify exact route pages manually before richer content."
"red-river-gorge-usa","solar-collector-red-river-gorge","Solar Collector","5.10-5.12","sport","wall sector","Red River Gorge","Mountain Project Red River Gorge routes","https://www.mountainproject.com/area/105841134/red-river-gorge","Mountain Project Red River Gorge","https://www.mountainproject.com/area/105841134/red-river-gorge","route-database","area-only","medium","Metadata-only sector index; verify exact route pages manually before richer content."
"squamish-canada","merci-me-squamish","Merci Me","5.13a","sport","single pitch","Squamish","Mountain Project: Merci Me","https://www.mountainproject.com/route/106527466/merci-me","Mountain Project: Merci Me","https://www.mountainproject.com/route/106527466/merci-me","route-database","route-specific","medium","Metadata-only route index; verify exact route page manually before richer content."
"squamish-canada","boogie-till-you-poop-squamish","Boogie Till You Poop","5.12b","sport","single pitch","Squamish","TheCrag Squamish routes","https://www.thecrag.com/en/climbing/canada/squamish","TheCrag Squamish","https://www.thecrag.com/en/climbing/canada/squamish","route-database","area-only","medium","Metadata-only route index; verify exact route page manually before richer content."
"squamish-canada","minor-threat-squamish","Minor Threat","5.11c","sport","single pitch","Squamish","Mountain Project: Minor Threat","https://www.mountainproject.com/route/111998633/minor-threat","Mountain Project: Minor Threat","https://www.mountainproject.com/route/111998633/minor-threat","route-database","route-specific","medium","Metadata-only route index; verify exact route page manually before richer content."
"squamish-canada","pet-wall-squamish","Pet Wall","5.10-5.13","sport","wall sector","Squamish","TheCrag Squamish routes","https://www.thecrag.com/en/climbing/canada/squamish","TheCrag Squamish","https://www.thecrag.com/en/climbing/canada/squamish","route-database","area-only","medium","Metadata-only sector index; verify exact route pages manually before richer content."
"squamish-canada","bulletheads-squamish","Bulletheads","5.8-5.12","trad","wall sector","The Chief","TheCrag Squamish routes","https://www.thecrag.com/en/climbing/canada/squamish","TheCrag Squamish","https://www.thecrag.com/en/climbing/canada/squamish","route-database","area-only","medium","Metadata-only sector index; verify exact route pages manually before richer content."
"squamish-canada","angel-crest-squamish","Angel's Crest","5.10c","trad","multi-pitch","The Chief","Mountain Project: Angel's Crest","https://www.mountainproject.com/route/105847203/angels-crest","Mountain Project: Angel's Crest","https://www.mountainproject.com/route/105847203/angels-crest","route-database","route-specific","medium","Metadata-only route index; verify exact route page manually before richer content."
"squamish-canada","ultimate-everything-squamish","The Ultimate Everything","5.10b","trad","multi-pitch","The Chief","Mountain Project: The Ultimate Everything","https://www.mountainproject.com/route/106480430/the-ultimate-everything","Mountain Project: The Ultimate Everything","https://www.mountainproject.com/route/106480430/the-ultimate-everything","route-database","route-specific","medium","Metadata-only route index; verify exact route page manually before richer content."
"squamish-canada","calculous-crack-squamish","Calculous Crack","5.8","trad","single pitch","Smoke Bluffs","TheCrag Squamish routes","https://www.thecrag.com/en/climbing/canada/squamish","TheCrag Squamish","https://www.thecrag.com/en/climbing/canada/squamish","route-database","area-only","medium","Metadata-only route index; verify exact route page manually before richer content."
"squamish-canada","flying-circus-squamish","Flying Circus","5.10a","trad","single pitch","Smoke Bluffs","Mountain Project: Flying Circus","https://www.mountainproject.com/route/105845816/flying-circus","Mountain Project: Flying Circus","https://www.mountainproject.com/route/105845816/flying-circus","route-database","route-specific","medium","Metadata-only route index; verify exact route page manually before richer content."
"squamish-canada","neat-and-cool-squamish","Neat and Cool","5.10a","trad","single pitch","Smoke Bluffs","Mountain Project: Neat and Cool","https://www.mountainproject.com/route/105910806/neat-and-cool","Mountain Project: Neat and Cool","https://www.mountainproject.com/route/105910806/neat-and-cool","route-database","route-specific","medium","Metadata-only route index; verify exact route page manually before richer content."
"squamish-canada","mosquito-squamish","Mosquito","5.8","trad","single pitch","Smoke Bluffs","Mountain Project: Mosquito","https://www.mountainproject.com/route/105842817/mosquito","Mountain Project: Mosquito","https://www.mountainproject.com/route/105842817/mosquito","route-database","route-specific","medium","Metadata-only route index; verify exact route page manually before richer content."
"squamish-canada","klahanie-crack-squamish","Klahanie Crack","5.7","trad","single pitch","Smoke Bluffs","Mountain Project: Klahanie Crack","https://www.mountainproject.com/route/105947052/klahanie-crack","Mountain Project: Klahanie Crack","https://www.mountainproject.com/route/105947052/klahanie-crack","route-database","route-specific","medium","Metadata-only route index; verify exact route page manually before richer content."
"squamish-canada","quarryman-squamish","Quarryman","5.8","trad","single pitch","Smoke Bluffs","Mountain Project: Quarryman","https://www.mountainproject.com/route/105857742/quarryman","Mountain Project: Quarryman","https://www.mountainproject.com/route/105857742/quarryman","route-database","route-specific","medium","Metadata-only route index; verify exact route page manually before richer content."
"squamish-canada","penny-lane-squamish","Penny Lane","5.9","trad","single pitch","Smoke Bluffs","Mountain Project: Penny Lane","https://www.mountainproject.com/route/105842825/penny-lane","Mountain Project: Penny Lane","https://www.mountainproject.com/route/105842825/penny-lane","route-database","route-specific","medium","Metadata-only route index; verify exact route page manually before richer content."
"squamish-canada","exasperator-direct-squamish","Exasperator Direct","5.11c","trad","single pitch","Smoke Bluffs","TheCrag Squamish routes","https://www.thecrag.com/en/climbing/canada/squamish","TheCrag Squamish","https://www.thecrag.com/en/climbing/canada/squamish","route-database","area-only","medium","Metadata-only route index; verify exact route page manually before richer content."
"squamish-canada","bullethead-east-squamish","Bullethead East","5.10a","trad","multi-pitch","The Chief","Mountain Project: Bullethead East","https://www.mountainproject.com/route/107237875/bullethead-east","Mountain Project: Bullethead East","https://www.mountainproject.com/route/107237875/bullethead-east","route-database","route-specific","medium","Metadata-only route index; verify exact route page manually before richer content."
"squamish-canada","skywalker-squamish","Skywalker","5.8","trad","multi-pitch","Squamish","Mountain Project: Skywalker","https://www.mountainproject.com/route/107198282/skywalker","Mountain Project: Skywalker","https://www.mountainproject.com/route/107198282/skywalker","route-database","route-specific","medium","Metadata-only route index; verify exact route page manually before richer content."
"squamish-canada","star-chek-squamish","Star Chek","5.9","trad","multi-pitch","Squamish","Mountain Project: Star Chek","https://www.mountainproject.com/route/107104796/star-chek","Mountain Project: Star Chek","https://www.mountainproject.com/route/107104796/star-chek","route-database","route-specific","medium","Metadata-only route index; verify exact route page manually before richer content."
"squamish-canada","apron-strings-squamish","Apron Strings","5.10b","trad","multi-pitch","The Apron","Mountain Project: Apron Strings","https://www.mountainproject.com/route/105886110/apron-strings","Mountain Project: Apron Strings","https://www.mountainproject.com/route/105886110/apron-strings","route-database","route-specific","medium","Metadata-only route index; verify exact route page manually before richer content."
"squamish-canada","st-vitus-dance-squamish","St. Vitus' Dance","5.9","trad","multi-pitch","The Apron","Mountain Project: St. Vitus' Dance","https://www.mountainproject.com/route/105843781/st-vitus-dance","Mountain Project: St. Vitus' Dance","https://www.mountainproject.com/route/105843781/st-vitus-dance","route-database","route-specific","medium","Metadata-only route index; verify exact route page manually before richer content."
"fontainebleau-france","bas-cuvier-fontainebleau","Bas Cuvier","3-8A","boulder","boulder circuit","Bas Cuvier","TheCrag Fontainebleau routes","https://www.thecrag.com/en/climbing/france/fontainebleau","TheCrag Fontainebleau","https://www.thecrag.com/en/climbing/france/fontainebleau","route-database","area-only","medium","Metadata-only sector index; verify exact route pages manually before richer content."
"fontainebleau-france","cuir-moustache-fontainebleau","Cuir Moustache","7A","boulder","boulder problem","Bas Cuvier","TheCrag Fontainebleau routes","https://www.thecrag.com/en/climbing/france/fontainebleau","TheCrag Fontainebleau","https://www.thecrag.com/en/climbing/france/fontainebleau","route-database","area-only","medium","Metadata-only route index; verify exact route page manually before richer content."
"fontainebleau-france","la-baleine-fontainebleau","La Baleine","7A","boulder","boulder problem","Bas Cuvier","Bleau.info: La Baleine","https://bleau.info/canon/462.html","Bleau.info: La Baleine","https://bleau.info/canon/462.html","route-database","route-specific","medium","Metadata-only route index; verify exact route page manually before richer content."
"fontainebleau-france","la-mouche-fontainebleau","La Mouche","8A","boulder","boulder problem","Cuvier Rempart","Bleau.info: La Mouche","https://bleau.info/beauvais/88.html","Bleau.info: La Mouche","https://bleau.info/beauvais/88.html","route-database","route-specific","medium","Metadata-only route index; verify exact route page manually before richer content."
"fontainebleau-france","hip-hop-fontainebleau","Hip Hop","7A","boulder","boulder problem","Roche aux Sabots","Bleau.info: Hip Hop","https://bleau.info/cailles/1154.html","Bleau.info: Hip Hop","https://bleau.info/cailles/1154.html","route-database","route-specific","medium","Metadata-only route index; verify exact route page manually before richer content."
"fontainebleau-france","graviton-fontainebleau","Graviton","8A","boulder","boulder problem","Franchard Isatis","Bleau.info: Graviton","https://bleau.info/sabots/782.html","Bleau.info: Graviton","https://bleau.info/sabots/782.html","route-database","route-specific","medium","Metadata-only route index; verify exact route page manually before richer content."
"fontainebleau-france","magic-bus-fontainebleau","Magic Bus","7B+","boulder","boulder problem","Apremont","Bleau.info: Magic Bus","https://bleau.info/y/686.html","Bleau.info: Magic Bus","https://bleau.info/y/686.html","route-database","route-specific","medium","Metadata-only route index; verify exact route page manually before richer content."
"fontainebleau-france","la-marie-rose-direct-fontainebleau","La Marie Rose Direct","6A","boulder","boulder problem","Bas Cuvier","TheCrag Fontainebleau routes","https://www.thecrag.com/en/climbing/france/fontainebleau","TheCrag Fontainebleau","https://www.thecrag.com/en/climbing/france/fontainebleau","route-database","area-only","medium","Metadata-only route index; verify exact route page manually before richer content."
"fontainebleau-france","la-prestat-fontainebleau","La Prestat","7A","boulder","boulder problem","Franchard","TheCrag Fontainebleau routes","https://www.thecrag.com/en/climbing/france/fontainebleau","TheCrag Fontainebleau","https://www.thecrag.com/en/climbing/france/fontainebleau","route-database","area-only","medium","Metadata-only route index; verify exact route page manually before richer content."
"fontainebleau-france","la-dalle-a-poly-fontainebleau","La Dalle a Poly","6A","boulder","boulder problem","Bas Cuvier","TheCrag Fontainebleau routes","https://www.thecrag.com/en/climbing/france/fontainebleau","TheCrag Fontainebleau","https://www.thecrag.com/en/climbing/france/fontainebleau","route-database","area-only","medium","Metadata-only route index; verify exact route page manually before richer content."
"fontainebleau-france","la-guerre-sainte-fontainebleau","La Guerre Sainte","7B","boulder","boulder problem","Cuvier Rempart","TheCrag Fontainebleau routes","https://www.thecrag.com/en/climbing/france/fontainebleau","TheCrag Fontainebleau","https://www.thecrag.com/en/climbing/france/fontainebleau","route-database","area-only","medium","Metadata-only route index; verify exact route page manually before richer content."
"fontainebleau-france","le-pendu-fontainebleau","Le Pendu","7A","boulder","boulder problem","Bas Cuvier","Bleau.info: Le Pendu","https://bleau.info/pendu/938.html","Bleau.info: Le Pendu","https://bleau.info/pendu/938.html","route-database","route-specific","medium","Metadata-only route index; verify exact route page manually before richer content."
"fontainebleau-france","la-marquise-fontainebleau","La Marquise","7B","boulder","boulder problem","Franchard","TheCrag Fontainebleau routes","https://www.thecrag.com/en/climbing/france/fontainebleau","TheCrag Fontainebleau","https://www.thecrag.com/en/climbing/france/fontainebleau","route-database","area-only","medium","Metadata-only route index; verify exact route page manually before richer content."
"fontainebleau-france","le-bilboquet-fontainebleau","Le Bilboquet","7A","boulder","boulder problem","Apremont","Bleau.info: Le Bilboquet","https://bleau.info/envers/5116.html","Bleau.info: Le Bilboquet","https://bleau.info/envers/5116.html","route-database","route-specific","medium","Metadata-only route index; verify exact route page manually before richer content."
"fontainebleau-france","le-corto-fontainebleau","Le Corto","7A","boulder","boulder problem","Franchard","TheCrag Fontainebleau routes","https://www.thecrag.com/en/climbing/france/fontainebleau","TheCrag Fontainebleau","https://www.thecrag.com/en/climbing/france/fontainebleau","route-database","area-only","medium","Metadata-only route index; verify exact route page manually before richer content."
"fontainebleau-france","el-poussah-fontainebleau","El Poussah","7A","boulder","boulder problem","Bas Cuvier","Bleau.info: El Poussah","https://bleau.info/isatis/551.html","Bleau.info: El Poussah","https://bleau.info/isatis/551.html","route-database","route-specific","medium","Metadata-only route index; verify exact route page manually before richer content."
"fontainebleau-france","le-sphinx-fontainebleau","Le Sphinx","7B","boulder","boulder problem","Apremont","Bleau.info: Le Sphinx","https://bleau.info/canon/18892.html","Bleau.info: Le Sphinx","https://bleau.info/canon/18892.html","route-database","route-specific","medium","Metadata-only route index; verify exact route page manually before richer content."
"fontainebleau-france","le-passage-fontainebleau","Le Passage","7A","boulder","boulder problem","Franchard","TheCrag Fontainebleau routes","https://www.thecrag.com/en/climbing/france/fontainebleau","TheCrag Fontainebleau","https://www.thecrag.com/en/climbing/france/fontainebleau","route-database","area-only","medium","Metadata-only route index; verify exact route page manually before richer content."
"fontainebleau-france","la-balance-fontainebleau","La Balance","7C+","boulder","boulder problem","Bas Cuvier","Bleau.info: La Balance","https://bleau.info/cuvier/274.html","Bleau.info: La Balance","https://bleau.info/cuvier/274.html","route-database","route-specific","medium","Metadata-only route index; verify exact route page manually before richer content."
"fontainebleau-france","le-plafond-fontainebleau","Le Plafond","7C","boulder","boulder problem","Bas Cuvier","Bleau.info: Le Plafond","https://bleau.info/jouanne/389.html","Bleau.info: Le Plafond","https://bleau.info/jouanne/389.html","route-database","route-specific","medium","Metadata-only route index; verify exact route page manually before richer content."
"kalymnos-greece","ilias-kalymnos","Ilias","6c+","sport","single pitch","Grande Grotta","TheCrag Kalymnos routes","https://www.thecrag.com/en/climbing/greece/kalymnos","TheCrag Kalymnos","https://www.thecrag.com/en/climbing/greece/kalymnos","route-database","area-only","medium","Metadata-only route index; verify exact route page manually before richer content."
"kalymnos-greece","afternoon-direct-kalymnos","Afternoon Direct","7a+","sport","single pitch","Kalymnos","TheCrag Kalymnos routes","https://www.thecrag.com/en/climbing/greece/kalymnos","TheCrag Kalymnos","https://www.thecrag.com/en/climbing/greece/kalymnos","route-database","area-only","medium","Metadata-only route index; verify exact route page manually before richer content."
"kalymnos-greece","la-moulinette-kalymnos","La Moulinette","6b+","sport","single pitch","Kalymnos","TheCrag Kalymnos routes","https://www.thecrag.com/en/climbing/greece/kalymnos","TheCrag Kalymnos","https://www.thecrag.com/en/climbing/greece/kalymnos","route-database","area-only","medium","Metadata-only route index; verify exact route page manually before richer content."
"kalymnos-greece","monkey-business-kalymnos","Monkey Business","7a","sport","single pitch","Kalymnos","TheCrag Kalymnos routes","https://www.thecrag.com/en/climbing/greece/kalymnos","TheCrag Kalymnos","https://www.thecrag.com/en/climbing/greece/kalymnos","route-database","area-only","medium","Metadata-only route index; verify exact route page manually before richer content."
"kalymnos-greece","angelica-kalymnos","Angelica","6c+","sport","single pitch","Kalymnos","TheCrag Kalymnos routes","https://www.thecrag.com/en/climbing/greece/kalymnos","TheCrag Kalymnos","https://www.thecrag.com/en/climbing/greece/kalymnos","route-database","area-only","medium","Metadata-only route index; verify exact route page manually before richer content."
"kalymnos-greece","poets-kalymnos","Poets","6c","sport","single pitch","Poets","TheCrag Kalymnos routes","https://www.thecrag.com/en/climbing/greece/kalymnos","TheCrag Kalymnos","https://www.thecrag.com/en/climbing/greece/kalymnos","route-database","area-only","medium","Metadata-only sector index; verify exact route pages manually before richer content."
"kalymnos-greece","odyssey-kalymnos","Odyssey","6a-8a","sport","sector","Odyssey","TheCrag Kalymnos routes","https://www.thecrag.com/en/climbing/greece/kalymnos","TheCrag Kalymnos","https://www.thecrag.com/en/climbing/greece/kalymnos","route-database","area-only","medium","Metadata-only sector index; verify exact route pages manually before richer content."
"kalymnos-greece","spartacus-sector-kalymnos","Spartacus sector","6a-8a","sport","sector","Spartacus","TheCrag Kalymnos routes","https://www.thecrag.com/en/climbing/greece/kalymnos","TheCrag Kalymnos","https://www.thecrag.com/en/climbing/greece/kalymnos","route-database","area-only","medium","Metadata-only sector index; verify exact route pages manually before richer content."
"kalymnos-greece","grande-grotta-kalymnos","Grande Grotta sector","6a-8a","sport","sector","Grande Grotta","TheCrag Kalymnos routes","https://www.thecrag.com/en/climbing/greece/kalymnos","TheCrag Kalymnos","https://www.thecrag.com/en/climbing/greece/kalymnos","route-database","area-only","medium","Metadata-only sector index; verify exact route pages manually before richer content."
"kalymnos-greece","sikati-cave-kalymnos","Sikati Cave","6c-9a","sport","cave sector","Sikati Cave","TheCrag Kalymnos routes","https://www.thecrag.com/en/climbing/greece/kalymnos","TheCrag Kalymnos","https://www.thecrag.com/en/climbing/greece/kalymnos","route-database","area-only","medium","Metadata-only sector index; verify exact route pages manually before richer content."
"kalymnos-greece","aroma-kalymnos","Aroma","7a","sport","single pitch","Kalymnos","Mountain Project: Aroma","https://www.mountainproject.com/route/126081245/aroma","Mountain Project: Aroma","https://www.mountainproject.com/route/126081245/aroma","route-database","route-specific","medium","Metadata-only route index; verify exact route page manually before richer content."
"kalymnos-greece","kalymnian-cheese-kalymnos","Kalymnian Cheese","7a","sport","single pitch","Kalymnos","TheCrag Kalymnos routes","https://www.thecrag.com/en/climbing/greece/kalymnos","TheCrag Kalymnos","https://www.thecrag.com/en/climbing/greece/kalymnos","route-database","area-only","medium","Metadata-only route index; verify exact route page manually before richer content."
"kalymnos-greece","bye-bye-doc-kalymnos","Bye Bye Doc","7a+","sport","single pitch","Kalymnos","Mountain Project: Bye Bye Doc","https://www.mountainproject.com/route/107623918/bye-bye-doc","Mountain Project: Bye Bye Doc","https://www.mountainproject.com/route/107623918/bye-bye-doc","route-database","route-specific","medium","Metadata-only route index; verify exact route page manually before richer content."
"kalymnos-greece","il-migliore-kalymnos","Il Migliore","7a","sport","single pitch","Kalymnos","TheCrag Kalymnos routes","https://www.thecrag.com/en/climbing/greece/kalymnos","TheCrag Kalymnos","https://www.thecrag.com/en/climbing/greece/kalymnos","route-database","area-only","medium","Metadata-only route index; verify exact route page manually before richer content."
"kalymnos-greece","la-vie-en-rose-kalymnos","La Vie en Rose","7a","sport","single pitch","Kalymnos","TheCrag Kalymnos routes","https://www.thecrag.com/en/climbing/greece/kalymnos","TheCrag Kalymnos","https://www.thecrag.com/en/climbing/greece/kalymnos","route-database","area-only","medium","Metadata-only route index; verify exact route page manually before richer content."
"kalymnos-greece","dolce-vita-kalymnos","Dolce Vita","7a","sport","single pitch","Kalymnos","TheCrag Kalymnos routes","https://www.thecrag.com/en/climbing/greece/kalymnos","TheCrag Kalymnos","https://www.thecrag.com/en/climbing/greece/kalymnos","route-database","area-only","medium","Metadata-only route index; verify exact route page manually before richer content."
"kalymnos-greece","gerakios-kalymnos","Gerakios","6c","sport","single pitch","Kalymnos","TheCrag Kalymnos routes","https://www.thecrag.com/en/climbing/greece/kalymnos","TheCrag Kalymnos","https://www.thecrag.com/en/climbing/greece/kalymnos","route-database","area-only","medium","Metadata-only route index; verify exact route page manually before richer content."
"kalymnos-greece","styx-kalymnos","Styx","7a","sport","single pitch","Kalymnos","Mountain Project: Styx","https://www.mountainproject.com/route/108421050/styx","Mountain Project: Styx","https://www.mountainproject.com/route/108421050/styx","route-database","route-specific","medium","Metadata-only route index; verify exact route page manually before richer content."
"kalymnos-greece","pocket-wall-kalymnos","Pocket Wall","6a-7c","sport","sector","Pocket Wall","TheCrag Kalymnos routes","https://www.thecrag.com/en/climbing/greece/kalymnos","TheCrag Kalymnos","https://www.thecrag.com/en/climbing/greece/kalymnos","route-database","area-only","medium","Metadata-only sector index; verify exact route pages manually before richer content."
"kalymnos-greece","local-freezer-kalymnos","Local Freezer","7a","sport","single pitch","Kalymnos","TheCrag Kalymnos routes","https://www.thecrag.com/en/climbing/greece/kalymnos","TheCrag Kalymnos","https://www.thecrag.com/en/climbing/greece/kalymnos","route-database","area-only","medium","Metadata-only route index; verify exact route page manually before richer content."
"red-river-gorge-usa","amarillo-sunset-red-river-gorge","Amarillo Sunset","5.11b","sport","single pitch","Red River Gorge","Mountain Project: Amarillo Sunset","https://www.mountainproject.com/route/106286394/amarillo-sunset","Mountain Project: Amarillo Sunset","https://www.mountainproject.com/route/106286394/amarillo-sunset","route-database","route-specific","medium","Metadata-only route index; verify exact route page manually before richer content."
"red-river-gorge-usa","banshee-red-river-gorge","Banshee","5.11c","sport","single pitch","Red River Gorge","Mountain Project: Banshee","https://www.mountainproject.com/route/106333612/banshee","Mountain Project: Banshee","https://www.mountainproject.com/route/106333612/banshee","route-database","route-specific","medium","Metadata-only route index; verify exact route page manually before richer content."
"red-river-gorge-usa","johnny-b-good-red-river-gorge","Johnny B. Good","5.11a","sport","single pitch","Red River Gorge","Mountain Project: Johnny B. Good","https://www.mountainproject.com/route/106154626/johnny-b-good","Mountain Project: Johnny B. Good","https://www.mountainproject.com/route/106154626/johnny-b-good","route-database","route-specific","medium","Metadata-only route index; verify exact route page manually before richer content."
"red-river-gorge-usa","cell-block-six-red-river-gorge","Cell Block Six","5.12c","sport","single pitch","Red River Gorge","Mountain Project: Cell Block Six","https://www.mountainproject.com/route/106586323/cell-block-six","Mountain Project: Cell Block Six","https://www.mountainproject.com/route/106586323/cell-block-six","route-database","route-specific","medium","Metadata-only route index; verify exact route page manually before richer content."
"red-river-gorge-usa","convicted-red-river-gorge","Convicted","5.12a","sport","single pitch","Red River Gorge","Mountain Project: Convicted","https://www.mountainproject.com/route/106598931/convicted","Mountain Project: Convicted","https://www.mountainproject.com/route/106598931/convicted","route-database","route-specific","medium","Metadata-only route index; verify exact route page manually before richer content."
"red-river-gorge-usa","hippocrite-red-river-gorge","Hippocrite","5.12a","sport","single pitch","Red River Gorge","Mountain Project: Hippocrite","https://www.mountainproject.com/route/106126244/hippocrite","Mountain Project: Hippocrite","https://www.mountainproject.com/route/106126244/hippocrite","route-database","route-specific","medium","Metadata-only route index; verify exact route page manually before richer content."
"red-river-gorge-usa","apollo-reed-red-river-gorge","Apollo Reed","5.13a","sport","single pitch","Red River Gorge","Mountain Project Red River Gorge routes","https://www.mountainproject.com/area/105841134/red-river-gorge","Mountain Project Red River Gorge","https://www.mountainproject.com/area/105841134/red-river-gorge","route-database","area-only","medium","Metadata-only route index; verify exact route page manually before richer content."
"squamish-canada","diedre-squamish","Diedre","5.8","trad","multi-pitch","The Apron","Mountain Project: Diedre","https://www.mountainproject.com/route/105857666/diedre","Mountain Project: Diedre","https://www.mountainproject.com/route/105857666/diedre","route-database","route-specific","medium","Metadata-only route index; verify exact route page manually before richer content."
"squamish-canada","rambles-squamish","The Rambles","5.8","trad","multi-pitch","The Apron","Mountain Project: Rambles","https://www.mountainproject.com/route/107577227/rambles","Mountain Project: Rambles","https://www.mountainproject.com/route/107577227/rambles","route-database","route-specific","medium","Metadata-only route index; verify exact route page manually before richer content."
"squamish-canada","boomstick-crack-squamish","Boomstick Crack","5.7","trad","single pitch","Squamish","Mountain Project: Boomstick Crack","https://www.mountainproject.com/route/106188277/boomstick-crack","Mountain Project: Boomstick Crack","https://www.mountainproject.com/route/106188277/boomstick-crack","route-database","route-specific","medium","Metadata-only route index; verify exact route page manually before richer content."
"squamish-canada","the-zip-squamish","The Zip","5.10a","trad","single pitch","Smoke Bluffs","Mountain Project: The Zip","https://www.mountainproject.com/route/105941644/the-zip","Mountain Project: The Zip","https://www.mountainproject.com/route/105941644/the-zip","route-database","route-specific","medium","Metadata-only route index; verify exact route page manually before richer content."
"squamish-canada","laughing-crack-squamish","Laughing Crack","5.7","trad","single pitch","Smoke Bluffs","Mountain Project: Laughing Crack","https://www.mountainproject.com/route/105959460/laughing-crack","Mountain Project: Laughing Crack","https://www.mountainproject.com/route/105959460/laughing-crack","route-database","route-specific","medium","Metadata-only route index; verify exact route page manually before richer content."
"squamish-canada","birds-of-prey-squamish","Birds of Prey","5.10b","trad","single pitch","Squamish","Mountain Project: Birds of Prey","https://www.mountainproject.com/route/105844620/birds-of-prey","Mountain Project: Birds of Prey","https://www.mountainproject.com/route/105844620/birds-of-prey","route-database","route-specific","medium","Metadata-only route index; verify exact route page manually before richer content."
"squamish-canada","rock-on-squamish","Rock On","5.10a","trad","multi-pitch","The Chief","Mountain Project: Rock On","https://www.mountainproject.com/route/105910904/rock-on","Mountain Project: Rock On","https://www.mountainproject.com/route/105910904/rock-on","route-database","route-specific","medium","Metadata-only route index; verify exact route page manually before richer content."
"red-river-gorge-usa","rat-stew-red-river-gorge","Rat Stew","5.10b","sport","single pitch","Red River Gorge","Mountain Project: Rat Stew","https://www.mountainproject.com/route/106061906/rat-stew","Mountain Project: Rat Stew","https://www.mountainproject.com/route/106061906/rat-stew","route-database","route-specific","medium","Metadata-only route index; verify exact route page manually before richer content."
"red-river-gorge-usa","mona-lisa-overdrive-red-river-gorge","Mona Lisa Overdrive","5.11b","sport","single pitch","Red River Gorge","Mountain Project: Mona Lisa Overdrive","https://www.mountainproject.com/route/106925375/mona-lisa-overdrive","Mountain Project: Mona Lisa Overdrive","https://www.mountainproject.com/route/106925375/mona-lisa-overdrive","route-database","route-specific","medium","Metadata-only route index; verify exact route page manually before richer content."
"red-river-gorge-usa","team-wilson-red-river-gorge","Team Wilson","5.11c","sport","single pitch","Red River Gorge","Mountain Project: Team Wilson","https://www.mountainproject.com/route/106916504/team-wilson","Mountain Project: Team Wilson","https://www.mountainproject.com/route/106916504/team-wilson","route-database","route-specific","medium","Metadata-only route index; verify exact route page manually before richer content."
"squamish-canada","crescent-crack-squamish","Crescent Crack","5.9","trad","single pitch","Smoke Bluffs","Mountain Project: Crescent Crack (closed)","https://www.mountainproject.com/route/107224616/crescent-crack-closed","Mountain Project: Crescent Crack (closed)","https://www.mountainproject.com/route/107224616/crescent-crack-closed","route-database","route-specific","medium","Metadata-only route index; verify exact route page manually before richer content."
"squamish-canada","jabberwocky-squamish","Jabberwocky","5.10c","trad","single pitch","Squamish","Mountain Project: Jabberwocky","https://www.mountainproject.com/route/106170451/jabberwocky","Mountain Project: Jabberwocky","https://www.mountainproject.com/route/106170451/jabberwocky","route-database","route-specific","medium","Metadata-only route index; verify exact route page manually before richer content."
"kalymnos-greece","priapos-kalymnos","Priapos","5.12d","sport","single pitch","Kalymnos","Mountain Project: Priapos","https://www.mountainproject.com/route/107179233/priapos","Mountain Project: Priapos","https://www.mountainproject.com/route/107179233/priapos","route-database","route-specific","medium","Metadata and outbound reference only; do not copy route description beta approach protection ratings comments or photos."
"kalymnos-greece","wings-for-life-kalymnos","Wings for Life","5.10a","sport","single pitch","Kalymnos","Mountain Project: Wings for Life","https://www.mountainproject.com/route/107867694/wings-for-life","Mountain Project: Wings for Life","https://www.mountainproject.com/route/107867694/wings-for-life","route-database","route-specific","medium","Metadata and outbound reference only; do not copy route description beta approach protection ratings comments or photos."
"kalymnos-greece","dna-kalymnos","DNA","5.11d","sport","single pitch","Kalymnos","Mountain Project: DNA","https://www.mountainproject.com/route/106804759/dna","Mountain Project: DNA","https://www.mountainproject.com/route/106804759/dna","route-database","route-specific","medium","Metadata and outbound reference only; do not copy route description beta approach protection ratings comments or photos."
"kalymnos-greece","fun-de-chichunne-kalymnos","Fun de Chichunne","5.13b","sport","single pitch","Kalymnos","Mountain Project: Fun de Chichunne","https://www.mountainproject.com/route/107804615/fun-de-chichunne","Mountain Project: Fun de Chichunne","https://www.mountainproject.com/route/107804615/fun-de-chichunne","route-database","route-specific","medium","Metadata and outbound reference only; do not copy route description beta approach protection ratings comments or photos."
"kalymnos-greece","kerveros-kalymnos","Kerveros","5.11d","sport","single pitch","Kalymnos","Mountain Project: Kerveros","https://www.mountainproject.com/route/106924634/kerveros","Mountain Project: Kerveros","https://www.mountainproject.com/route/106924634/kerveros","route-database","route-specific","medium","Metadata and outbound reference only; do not copy route description beta approach protection ratings comments or photos."
"kalymnos-greece","aegialis-kalymnos","Aegialis","5.12d","sport","single pitch","Kalymnos","Mountain Project: Aegialis","https://www.mountainproject.com/route/106804781/aegialis","Mountain Project: Aegialis","https://www.mountainproject.com/route/106804781/aegialis","route-database","route-specific","medium","Metadata and outbound reference only; do not copy route description beta approach protection ratings comments or photos."
